-- ============================================================================
-- SEED DATA — generated by scripts/gen_seed.mjs from wc2026_matches.json
-- Run AFTER schema.sql. Do not hand-edit; re-run the generator instead.
-- ============================================================================

-- Set this to YOUR admin email (must match VITE_ADMIN_EMAIL in .env).
insert into public.app_config (key, value) values
  ('admin_email', 'admin@worldcup.com'),
  ('pretournament_manual_lock', 'false'),
  ('accumulate_advance', 'false')
on conflict (key) do nothing;

insert into public.groups (letter) values
  ('A'),
  ('B'),
  ('C'),
  ('D'),
  ('E'),
  ('F'),
  ('G'),
  ('H'),
  ('I'),
  ('J'),
  ('K'),
  ('L')
on conflict do nothing;

insert into public.teams (id, name, code, flag_code, group_letter, fifa_ranking) values
  (1, 'Mexico', 'MEX', 'mx', 'A', 14),
  (2, 'South Africa', 'RSA', 'za', 'A', 61),
  (3, 'Korea Republic', 'KOR', 'kr', 'A', 25),
  (4, 'Czechia', 'CZE', 'cz', 'A', 53),
  (5, 'Canada', 'CAN', 'ca', 'B', 30),
  (6, 'Bosnia & Herzegovina', 'BIH', 'ba', 'B', 55),
  (7, 'Qatar', 'QAT', 'qa', 'B', 40),
  (8, 'Switzerland', 'SUI', 'ch', 'B', 19),
  (9, 'Brazil', 'BRA', 'br', 'C', 6),
  (10, 'Morocco', 'MAR', 'ma', 'C', 8),
  (11, 'Haiti', 'HAI', 'ht', 'C', 88),
  (12, 'Scotland', 'SCO', 'gb-sct', 'C', 35),
  (13, 'USA', 'USA', 'us', 'D', 16),
  (14, 'Paraguay', 'PAR', 'py', 'D', 36),
  (15, 'Australia', 'AUS', 'au', 'D', 27),
  (16, 'Turkey', 'TUR', 'tr', 'D', 22),
  (17, 'Germany', 'GER', 'de', 'E', 10),
  (18, 'Curaçao', 'CUW', 'cw', 'E', 86),
  (19, 'Côte d''Ivoire', 'CIV', 'ci', 'E', 33),
  (20, 'Ecuador', 'ECU', 'ec', 'E', 23),
  (21, 'Netherlands', 'NED', 'nl', 'F', 7),
  (22, 'Japan', 'JPN', 'jp', 'F', 18),
  (23, 'Sweden', 'SWE', 'se', 'F', 50),
  (24, 'Tunisia', 'TUN', 'tn', 'F', 37),
  (25, 'Belgium', 'BEL', 'be', 'G', 9),
  (26, 'Egypt', 'EGY', 'eg', 'G', 29),
  (27, 'Iran', 'IRN', 'ir', 'G', 21),
  (28, 'New Zealand', 'NZL', 'nz', 'G', 82),
  (29, 'Spain', 'ESP', 'es', 'H', 2),
  (30, 'Cabo Verde', 'CPV', 'cv', 'H', 38),
  (31, 'Saudi Arabia', 'KSA', 'sa', 'H', 41),
  (32, 'Uruguay', 'URU', 'uy', 'H', 17),
  (33, 'France', 'FRA', 'fr', 'I', 3),
  (34, 'Senegal', 'SEN', 'sn', 'I', 14),
  (35, 'Iraq', 'IRQ', 'iq', 'I', 76),
  (36, 'Norway', 'NOR', 'no', 'I', 31),
  (37, 'Argentina', 'ARG', 'ar', 'J', 1),
  (38, 'Algeria', 'ALG', 'dz', 'J', 28),
  (39, 'Austria', 'AUT', 'at', 'J', 24),
  (40, 'Jordan', 'JOR', 'jo', 'J', 62),
  (41, 'Portugal', 'POR', 'pt', 'K', 5),
  (42, 'DR Congo', 'COD', 'cd', 'K', 44),
  (43, 'Uzbekistan', 'UZB', 'uz', 'K', 47),
  (44, 'Colombia', 'COL', 'co', 'K', 13),
  (45, 'England', 'ENG', 'gb-eng', 'L', 4),
  (46, 'Croatia', 'CRO', 'hr', 'L', 11),
  (47, 'Ghana', 'GHA', 'gh', 'L', 60),
  (48, 'Panama', 'PAN', 'pa', 'L', 58)
on conflict (id) do update set name=excluded.name, code=excluded.code, flag_code=excluded.flag_code, group_letter=excluded.group_letter, fifa_ranking=excluded.fifa_ranking;

insert into public.matches
  (id, match_no, stage, round, group_letter, home_team_id, away_team_id, home_placeholder, away_placeholder, kickoff_utc, venue, home_score, away_score, is_third_place_playoff, status) values
  (1, 1, 'group', 'Matchday 1', 'A', 1, 2, null, null, '2026-06-11T19:00:00Z'::timestamptz, 'Mexico City', 2, 0, false, 'finished'),
  (2, 2, 'group', 'Matchday 1', 'A', 3, 4, null, null, '2026-06-12T02:00:00Z'::timestamptz, 'Guadalajara (Zapopan)', 2, 1, false, 'finished'),
  (3, 3, 'group', 'Matchday 8', 'A', 4, 2, null, null, '2026-06-18T16:00:00Z'::timestamptz, 'Atlanta', null, null, false, 'scheduled'),
  (4, 4, 'group', 'Matchday 8', 'A', 1, 3, null, null, '2026-06-19T01:00:00Z'::timestamptz, 'Guadalajara (Zapopan)', null, null, false, 'scheduled'),
  (5, 5, 'group', 'Matchday 14', 'A', 4, 1, null, null, '2026-06-25T01:00:00Z'::timestamptz, 'Mexico City', null, null, false, 'scheduled'),
  (6, 6, 'group', 'Matchday 14', 'A', 2, 3, null, null, '2026-06-25T01:00:00Z'::timestamptz, 'Monterrey (Guadalupe)', null, null, false, 'scheduled'),
  (7, 7, 'group', 'Matchday 2', 'B', 5, 6, null, null, '2026-06-12T19:00:00Z'::timestamptz, 'Toronto', 1, 1, false, 'finished'),
  (8, 8, 'group', 'Matchday 3', 'B', 7, 8, null, null, '2026-06-13T19:00:00Z'::timestamptz, 'San Francisco Bay Area (Santa Clara)', null, null, false, 'scheduled'),
  (9, 9, 'group', 'Matchday 8', 'B', 8, 6, null, null, '2026-06-18T19:00:00Z'::timestamptz, 'Los Angeles (Inglewood)', null, null, false, 'scheduled'),
  (10, 10, 'group', 'Matchday 8', 'B', 5, 7, null, null, '2026-06-18T22:00:00Z'::timestamptz, 'Vancouver', null, null, false, 'scheduled'),
  (11, 11, 'group', 'Matchday 14', 'B', 8, 5, null, null, '2026-06-24T19:00:00Z'::timestamptz, 'Vancouver', null, null, false, 'scheduled'),
  (12, 12, 'group', 'Matchday 14', 'B', 6, 7, null, null, '2026-06-24T19:00:00Z'::timestamptz, 'Seattle', null, null, false, 'scheduled'),
  (13, 13, 'group', 'Matchday 3', 'C', 9, 10, null, null, '2026-06-13T22:00:00Z'::timestamptz, 'New York/New Jersey (East Rutherford)', null, null, false, 'scheduled'),
  (14, 14, 'group', 'Matchday 3', 'C', 11, 12, null, null, '2026-06-14T01:00:00Z'::timestamptz, 'Boston (Foxborough)', null, null, false, 'scheduled'),
  (15, 15, 'group', 'Matchday 9', 'C', 12, 10, null, null, '2026-06-19T22:00:00Z'::timestamptz, 'Boston (Foxborough)', null, null, false, 'scheduled'),
  (16, 16, 'group', 'Matchday 9', 'C', 9, 11, null, null, '2026-06-20T01:00:00Z'::timestamptz, 'Philadelphia', null, null, false, 'scheduled'),
  (17, 17, 'group', 'Matchday 14', 'C', 12, 9, null, null, '2026-06-24T22:00:00Z'::timestamptz, 'Miami (Miami Gardens)', null, null, false, 'scheduled'),
  (18, 18, 'group', 'Matchday 14', 'C', 10, 11, null, null, '2026-06-24T22:00:00Z'::timestamptz, 'Atlanta', null, null, false, 'scheduled'),
  (19, 19, 'group', 'Matchday 2', 'D', 13, 14, null, null, '2026-06-13T01:00:00Z'::timestamptz, 'Los Angeles (Inglewood)', 4, 1, false, 'finished'),
  (20, 20, 'group', 'Matchday 3', 'D', 15, 16, null, null, '2026-06-14T04:00:00Z'::timestamptz, 'Vancouver', null, null, false, 'scheduled'),
  (21, 21, 'group', 'Matchday 9', 'D', 13, 15, null, null, '2026-06-19T19:00:00Z'::timestamptz, 'Seattle', null, null, false, 'scheduled'),
  (22, 22, 'group', 'Matchday 9', 'D', 16, 14, null, null, '2026-06-20T04:00:00Z'::timestamptz, 'San Francisco Bay Area (Santa Clara)', null, null, false, 'scheduled'),
  (23, 23, 'group', 'Matchday 15', 'D', 16, 13, null, null, '2026-06-26T02:00:00Z'::timestamptz, 'Los Angeles (Inglewood)', null, null, false, 'scheduled'),
  (24, 24, 'group', 'Matchday 15', 'D', 14, 15, null, null, '2026-06-26T02:00:00Z'::timestamptz, 'San Francisco Bay Area (Santa Clara)', null, null, false, 'scheduled'),
  (25, 25, 'group', 'Matchday 4', 'E', 17, 18, null, null, '2026-06-14T17:00:00Z'::timestamptz, 'Houston', null, null, false, 'scheduled'),
  (26, 26, 'group', 'Matchday 4', 'E', 19, 20, null, null, '2026-06-14T23:00:00Z'::timestamptz, 'Philadelphia', null, null, false, 'scheduled'),
  (27, 27, 'group', 'Matchday 10', 'E', 17, 19, null, null, '2026-06-20T20:00:00Z'::timestamptz, 'Toronto', null, null, false, 'scheduled'),
  (28, 28, 'group', 'Matchday 10', 'E', 20, 18, null, null, '2026-06-21T00:00:00Z'::timestamptz, 'Kansas City', null, null, false, 'scheduled'),
  (29, 29, 'group', 'Matchday 15', 'E', 18, 19, null, null, '2026-06-25T20:00:00Z'::timestamptz, 'Philadelphia', null, null, false, 'scheduled'),
  (30, 30, 'group', 'Matchday 15', 'E', 20, 17, null, null, '2026-06-25T20:00:00Z'::timestamptz, 'New York/New Jersey (East Rutherford)', null, null, false, 'scheduled'),
  (31, 31, 'group', 'Matchday 4', 'F', 21, 22, null, null, '2026-06-14T20:00:00Z'::timestamptz, 'Dallas (Arlington)', null, null, false, 'scheduled'),
  (32, 32, 'group', 'Matchday 4', 'F', 23, 24, null, null, '2026-06-15T02:00:00Z'::timestamptz, 'Monterrey (Guadalupe)', null, null, false, 'scheduled'),
  (33, 33, 'group', 'Matchday 10', 'F', 21, 23, null, null, '2026-06-20T17:00:00Z'::timestamptz, 'Houston', null, null, false, 'scheduled'),
  (34, 34, 'group', 'Matchday 10', 'F', 24, 22, null, null, '2026-06-21T04:00:00Z'::timestamptz, 'Monterrey (Guadalupe)', null, null, false, 'scheduled'),
  (35, 35, 'group', 'Matchday 15', 'F', 22, 23, null, null, '2026-06-25T23:00:00Z'::timestamptz, 'Dallas (Arlington)', null, null, false, 'scheduled'),
  (36, 36, 'group', 'Matchday 15', 'F', 24, 21, null, null, '2026-06-25T23:00:00Z'::timestamptz, 'Kansas City', null, null, false, 'scheduled'),
  (37, 37, 'group', 'Matchday 5', 'G', 25, 26, null, null, '2026-06-15T19:00:00Z'::timestamptz, 'Seattle', null, null, false, 'scheduled'),
  (38, 38, 'group', 'Matchday 5', 'G', 27, 28, null, null, '2026-06-16T01:00:00Z'::timestamptz, 'Los Angeles (Inglewood)', null, null, false, 'scheduled'),
  (39, 39, 'group', 'Matchday 11', 'G', 25, 27, null, null, '2026-06-21T19:00:00Z'::timestamptz, 'Los Angeles (Inglewood)', null, null, false, 'scheduled'),
  (40, 40, 'group', 'Matchday 11', 'G', 28, 26, null, null, '2026-06-22T01:00:00Z'::timestamptz, 'Vancouver', null, null, false, 'scheduled'),
  (41, 41, 'group', 'Matchday 16', 'G', 26, 27, null, null, '2026-06-27T03:00:00Z'::timestamptz, 'Seattle', null, null, false, 'scheduled'),
  (42, 42, 'group', 'Matchday 16', 'G', 28, 25, null, null, '2026-06-27T03:00:00Z'::timestamptz, 'Vancouver', null, null, false, 'scheduled'),
  (43, 43, 'group', 'Matchday 5', 'H', 29, 30, null, null, '2026-06-15T16:00:00Z'::timestamptz, 'Atlanta', null, null, false, 'scheduled'),
  (44, 44, 'group', 'Matchday 5', 'H', 31, 32, null, null, '2026-06-15T22:00:00Z'::timestamptz, 'Miami (Miami Gardens)', null, null, false, 'scheduled'),
  (45, 45, 'group', 'Matchday 11', 'H', 29, 31, null, null, '2026-06-21T16:00:00Z'::timestamptz, 'Atlanta', null, null, false, 'scheduled'),
  (46, 46, 'group', 'Matchday 11', 'H', 32, 30, null, null, '2026-06-21T22:00:00Z'::timestamptz, 'Miami (Miami Gardens)', null, null, false, 'scheduled'),
  (47, 47, 'group', 'Matchday 16', 'H', 30, 31, null, null, '2026-06-27T00:00:00Z'::timestamptz, 'Houston', null, null, false, 'scheduled'),
  (48, 48, 'group', 'Matchday 16', 'H', 32, 29, null, null, '2026-06-27T00:00:00Z'::timestamptz, 'Guadalajara (Zapopan)', null, null, false, 'scheduled'),
  (49, 49, 'group', 'Matchday 6', 'I', 33, 34, null, null, '2026-06-16T19:00:00Z'::timestamptz, 'New York/New Jersey (East Rutherford)', null, null, false, 'scheduled'),
  (50, 50, 'group', 'Matchday 6', 'I', 35, 36, null, null, '2026-06-16T22:00:00Z'::timestamptz, 'Boston (Foxborough)', null, null, false, 'scheduled'),
  (51, 51, 'group', 'Matchday 12', 'I', 33, 35, null, null, '2026-06-22T21:00:00Z'::timestamptz, 'Philadelphia', null, null, false, 'scheduled'),
  (52, 52, 'group', 'Matchday 12', 'I', 36, 34, null, null, '2026-06-23T00:00:00Z'::timestamptz, 'New York/New Jersey (East Rutherford)', null, null, false, 'scheduled'),
  (53, 53, 'group', 'Matchday 16', 'I', 36, 33, null, null, '2026-06-26T19:00:00Z'::timestamptz, 'Boston (Foxborough)', null, null, false, 'scheduled'),
  (54, 54, 'group', 'Matchday 16', 'I', 34, 35, null, null, '2026-06-26T19:00:00Z'::timestamptz, 'Toronto', null, null, false, 'scheduled'),
  (55, 55, 'group', 'Matchday 6', 'J', 37, 38, null, null, '2026-06-17T01:00:00Z'::timestamptz, 'Kansas City', null, null, false, 'scheduled'),
  (56, 56, 'group', 'Matchday 6', 'J', 39, 40, null, null, '2026-06-17T04:00:00Z'::timestamptz, 'San Francisco Bay Area (Santa Clara)', null, null, false, 'scheduled'),
  (57, 57, 'group', 'Matchday 12', 'J', 37, 39, null, null, '2026-06-22T17:00:00Z'::timestamptz, 'Dallas (Arlington)', null, null, false, 'scheduled'),
  (58, 58, 'group', 'Matchday 12', 'J', 40, 38, null, null, '2026-06-23T03:00:00Z'::timestamptz, 'San Francisco Bay Area (Santa Clara)', null, null, false, 'scheduled'),
  (59, 59, 'group', 'Matchday 17', 'J', 38, 39, null, null, '2026-06-28T02:00:00Z'::timestamptz, 'Kansas City', null, null, false, 'scheduled'),
  (60, 60, 'group', 'Matchday 17', 'J', 40, 37, null, null, '2026-06-28T02:00:00Z'::timestamptz, 'Dallas (Arlington)', null, null, false, 'scheduled'),
  (61, 61, 'group', 'Matchday 7', 'K', 41, 42, null, null, '2026-06-17T17:00:00Z'::timestamptz, 'Houston', null, null, false, 'scheduled'),
  (62, 62, 'group', 'Matchday 7', 'K', 43, 44, null, null, '2026-06-18T02:00:00Z'::timestamptz, 'Mexico City', null, null, false, 'scheduled'),
  (63, 63, 'group', 'Matchday 13', 'K', 41, 43, null, null, '2026-06-23T17:00:00Z'::timestamptz, 'Houston', null, null, false, 'scheduled'),
  (64, 64, 'group', 'Matchday 13', 'K', 44, 42, null, null, '2026-06-24T02:00:00Z'::timestamptz, 'Guadalajara (Zapopan)', null, null, false, 'scheduled'),
  (65, 65, 'group', 'Matchday 17', 'K', 44, 41, null, null, '2026-06-27T23:30:00Z'::timestamptz, 'Miami (Miami Gardens)', null, null, false, 'scheduled'),
  (66, 66, 'group', 'Matchday 17', 'K', 42, 43, null, null, '2026-06-27T23:30:00Z'::timestamptz, 'Atlanta', null, null, false, 'scheduled'),
  (67, 67, 'group', 'Matchday 7', 'L', 45, 46, null, null, '2026-06-17T20:00:00Z'::timestamptz, 'Dallas (Arlington)', null, null, false, 'scheduled'),
  (68, 68, 'group', 'Matchday 7', 'L', 47, 48, null, null, '2026-06-17T23:00:00Z'::timestamptz, 'Toronto', null, null, false, 'scheduled'),
  (69, 69, 'group', 'Matchday 13', 'L', 45, 47, null, null, '2026-06-23T20:00:00Z'::timestamptz, 'Boston (Foxborough)', null, null, false, 'scheduled'),
  (70, 70, 'group', 'Matchday 13', 'L', 48, 46, null, null, '2026-06-23T23:00:00Z'::timestamptz, 'Toronto', null, null, false, 'scheduled'),
  (71, 71, 'group', 'Matchday 17', 'L', 48, 45, null, null, '2026-06-27T21:00:00Z'::timestamptz, 'New York/New Jersey (East Rutherford)', null, null, false, 'scheduled'),
  (72, 72, 'group', 'Matchday 17', 'L', 46, 47, null, null, '2026-06-27T21:00:00Z'::timestamptz, 'Philadelphia', null, null, false, 'scheduled'),
  (73, 73, 'r32', 'Round of 32', null, null, null, '2A', '2B', '2026-06-28T19:00:00Z'::timestamptz, 'Los Angeles (Inglewood)', null, null, false, 'scheduled'),
  (74, 74, 'r32', 'Round of 32', null, null, null, '1E', '3A/B/C/D/F', '2026-06-29T20:30:00Z'::timestamptz, 'Boston (Foxborough)', null, null, false, 'scheduled'),
  (75, 75, 'r32', 'Round of 32', null, null, null, '1F', '2C', '2026-06-30T01:00:00Z'::timestamptz, 'Monterrey (Guadalupe)', null, null, false, 'scheduled'),
  (76, 76, 'r32', 'Round of 32', null, null, null, '1C', '2F', '2026-06-29T17:00:00Z'::timestamptz, 'Houston', null, null, false, 'scheduled'),
  (77, 77, 'r32', 'Round of 32', null, null, null, '1I', '3C/D/F/G/H', '2026-06-30T21:00:00Z'::timestamptz, 'New York/New Jersey (East Rutherford)', null, null, false, 'scheduled'),
  (78, 78, 'r32', 'Round of 32', null, null, null, '2E', '2I', '2026-06-30T17:00:00Z'::timestamptz, 'Dallas (Arlington)', null, null, false, 'scheduled'),
  (79, 79, 'r32', 'Round of 32', null, null, null, '1A', '3C/E/F/H/I', '2026-07-01T01:00:00Z'::timestamptz, 'Mexico City', null, null, false, 'scheduled'),
  (80, 80, 'r32', 'Round of 32', null, null, null, '1L', '3E/H/I/J/K', '2026-07-01T16:00:00Z'::timestamptz, 'Atlanta', null, null, false, 'scheduled'),
  (81, 81, 'r32', 'Round of 32', null, null, null, '1D', '3B/E/F/I/J', '2026-07-02T00:00:00Z'::timestamptz, 'San Francisco Bay Area (Santa Clara)', null, null, false, 'scheduled'),
  (82, 82, 'r32', 'Round of 32', null, null, null, '1G', '3A/E/H/I/J', '2026-07-01T20:00:00Z'::timestamptz, 'Seattle', null, null, false, 'scheduled'),
  (83, 83, 'r32', 'Round of 32', null, null, null, '2K', '2L', '2026-07-02T23:00:00Z'::timestamptz, 'Toronto', null, null, false, 'scheduled'),
  (84, 84, 'r32', 'Round of 32', null, null, null, '1H', '2J', '2026-07-02T19:00:00Z'::timestamptz, 'Los Angeles (Inglewood)', null, null, false, 'scheduled'),
  (85, 85, 'r32', 'Round of 32', null, null, null, '1B', '3E/F/G/I/J', '2026-07-03T03:00:00Z'::timestamptz, 'Vancouver', null, null, false, 'scheduled'),
  (86, 86, 'r32', 'Round of 32', null, null, null, '1J', '2H', '2026-07-03T22:00:00Z'::timestamptz, 'Miami (Miami Gardens)', null, null, false, 'scheduled'),
  (87, 87, 'r32', 'Round of 32', null, null, null, '1K', '3D/E/I/J/L', '2026-07-04T01:30:00Z'::timestamptz, 'Kansas City', null, null, false, 'scheduled'),
  (88, 88, 'r32', 'Round of 32', null, null, null, '2D', '2G', '2026-07-03T18:00:00Z'::timestamptz, 'Dallas (Arlington)', null, null, false, 'scheduled'),
  (89, 89, 'r16', 'Round of 16', null, null, null, 'W74', 'W77', '2026-07-04T21:00:00Z'::timestamptz, 'Philadelphia', null, null, false, 'scheduled'),
  (90, 90, 'r16', 'Round of 16', null, null, null, 'W73', 'W75', '2026-07-04T17:00:00Z'::timestamptz, 'Houston', null, null, false, 'scheduled'),
  (91, 91, 'r16', 'Round of 16', null, null, null, 'W76', 'W78', '2026-07-05T20:00:00Z'::timestamptz, 'New York/New Jersey (East Rutherford)', null, null, false, 'scheduled'),
  (92, 92, 'r16', 'Round of 16', null, null, null, 'W79', 'W80', '2026-07-06T00:00:00Z'::timestamptz, 'Mexico City', null, null, false, 'scheduled'),
  (93, 93, 'r16', 'Round of 16', null, null, null, 'W83', 'W84', '2026-07-06T19:00:00Z'::timestamptz, 'Dallas (Arlington)', null, null, false, 'scheduled'),
  (94, 94, 'r16', 'Round of 16', null, null, null, 'W81', 'W82', '2026-07-07T00:00:00Z'::timestamptz, 'Seattle', null, null, false, 'scheduled'),
  (95, 95, 'r16', 'Round of 16', null, null, null, 'W86', 'W88', '2026-07-07T16:00:00Z'::timestamptz, 'Atlanta', null, null, false, 'scheduled'),
  (96, 96, 'r16', 'Round of 16', null, null, null, 'W85', 'W87', '2026-07-07T20:00:00Z'::timestamptz, 'Vancouver', null, null, false, 'scheduled'),
  (97, 97, 'qf', 'Quarter-final', null, null, null, 'W89', 'W90', '2026-07-09T20:00:00Z'::timestamptz, 'Boston (Foxborough)', null, null, false, 'scheduled'),
  (98, 98, 'qf', 'Quarter-final', null, null, null, 'W93', 'W94', '2026-07-10T19:00:00Z'::timestamptz, 'Los Angeles (Inglewood)', null, null, false, 'scheduled'),
  (99, 99, 'qf', 'Quarter-final', null, null, null, 'W91', 'W92', '2026-07-11T21:00:00Z'::timestamptz, 'Miami (Miami Gardens)', null, null, false, 'scheduled'),
  (100, 100, 'qf', 'Quarter-final', null, null, null, 'W95', 'W96', '2026-07-12T01:00:00Z'::timestamptz, 'Kansas City', null, null, false, 'scheduled'),
  (101, 101, 'sf', 'Semi-final', null, null, null, 'W97', 'W98', '2026-07-14T19:00:00Z'::timestamptz, 'Dallas (Arlington)', null, null, false, 'scheduled'),
  (102, 102, 'sf', 'Semi-final', null, null, null, 'W99', 'W100', '2026-07-15T19:00:00Z'::timestamptz, 'Atlanta', null, null, false, 'scheduled'),
  (103, 103, 'third_place', 'Match for third place', null, null, null, 'L101', 'L102', '2026-07-18T21:00:00Z'::timestamptz, 'Miami (Miami Gardens)', null, null, true, 'scheduled'),
  (104, 104, 'final', 'Final', null, null, null, 'W101', 'W102', '2026-07-19T19:00:00Z'::timestamptz, 'New York/New Jersey (East Rutherford)', null, null, false, 'scheduled')
on conflict (id) do update set
  stage=excluded.stage, round=excluded.round, group_letter=excluded.group_letter,
  home_team_id=excluded.home_team_id, away_team_id=excluded.away_team_id,
  home_placeholder=excluded.home_placeholder, away_placeholder=excluded.away_placeholder,
  kickoff_utc=excluded.kickoff_utc, venue=excluded.venue,
  home_score=excluded.home_score, away_score=excluded.away_score,
  is_third_place_playoff=excluded.is_third_place_playoff, status=excluded.status;

-- ===========================================================================
-- DEMO DATA (optional) — two players (Priyanka, Rohit) + a demo league.
-- Logins (password 'Worldcup123'): priyanka@ / rohit@ / admin@worldcup.com. Delete this block for a clean seed.
-- ===========================================================================
do $$
begin
  insert into auth.users (id, instance_id, aud, role, email, encrypted_password, email_confirmed_at, created_at, updated_at, raw_app_meta_data, raw_user_meta_data, confirmation_token, recovery_token, email_change_token_new, email_change)
  values ('11111111-1111-1111-1111-111111111111', '00000000-0000-0000-0000-000000000000', 'authenticated', 'authenticated', 'priyanka@worldcup.com', crypt('Worldcup123', gen_salt('bf')), now(), now(), now(), '{"provider":"email","providers":["email"]}', '{"display_name":"Priyanka"}', '', '', '', '')
  on conflict (id) do nothing;
  insert into auth.identities (id, user_id, provider_id, identity_data, provider, last_sign_in_at, created_at, updated_at)
  values (gen_random_uuid(), '11111111-1111-1111-1111-111111111111', '11111111-1111-1111-1111-111111111111', json_build_object('sub','11111111-1111-1111-1111-111111111111','email','priyanka@worldcup.com'), 'email', now(), now(), now())
  on conflict do nothing;
  insert into auth.users (id, instance_id, aud, role, email, encrypted_password, email_confirmed_at, created_at, updated_at, raw_app_meta_data, raw_user_meta_data, confirmation_token, recovery_token, email_change_token_new, email_change)
  values ('22222222-2222-2222-2222-222222222222', '00000000-0000-0000-0000-000000000000', 'authenticated', 'authenticated', 'rohit@worldcup.com', crypt('Worldcup123', gen_salt('bf')), now(), now(), now(), '{"provider":"email","providers":["email"]}', '{"display_name":"Rohit"}', '', '', '', '')
  on conflict (id) do nothing;
  insert into auth.identities (id, user_id, provider_id, identity_data, provider, last_sign_in_at, created_at, updated_at)
  values (gen_random_uuid(), '22222222-2222-2222-2222-222222222222', '22222222-2222-2222-2222-222222222222', json_build_object('sub','22222222-2222-2222-2222-222222222222','email','rohit@worldcup.com'), 'email', now(), now(), now())
  on conflict do nothing;
  insert into auth.users (id, instance_id, aud, role, email, encrypted_password, email_confirmed_at, created_at, updated_at, raw_app_meta_data, raw_user_meta_data, confirmation_token, recovery_token, email_change_token_new, email_change)
  values ('44444444-4444-4444-4444-444444444444', '00000000-0000-0000-0000-000000000000', 'authenticated', 'authenticated', 'admin@worldcup.com', crypt('Worldcup123', gen_salt('bf')), now(), now(), now(), '{"provider":"email","providers":["email"]}', '{"display_name":"Admin"}', '', '', '', '')
  on conflict (id) do nothing;
  insert into auth.identities (id, user_id, provider_id, identity_data, provider, last_sign_in_at, created_at, updated_at)
  values (gen_random_uuid(), '44444444-4444-4444-4444-444444444444', '44444444-4444-4444-4444-444444444444', json_build_object('sub','44444444-4444-4444-4444-444444444444','email','admin@worldcup.com'), 'email', now(), now(), now())
  on conflict do nothing;
end $$;

insert into public.profiles (id, email, display_name) values
  ('11111111-1111-1111-1111-111111111111', 'priyanka@worldcup.com', 'Priyanka'),
  ('22222222-2222-2222-2222-222222222222', 'rohit@worldcup.com', 'Rohit'),
  ('44444444-4444-4444-4444-444444444444', 'admin@worldcup.com', 'Admin')
on conflict (id) do update set display_name = excluded.display_name;

insert into public.leagues (id, name, invite_code, owner_id) values
  ('33333333-3333-3333-3333-333333333333', 'Demo League', 'DEMO26', '11111111-1111-1111-1111-111111111111')
on conflict (id) do nothing;

insert into public.league_members (league_id, user_id) values
  ('33333333-3333-3333-3333-333333333333', '11111111-1111-1111-1111-111111111111'),
  ('33333333-3333-3333-3333-333333333333', '22222222-2222-2222-2222-222222222222')
on conflict do nothing;

insert into public.predictions (league_id, user_id, match_id, home_pred, away_pred) values
  ('33333333-3333-3333-3333-333333333333', '11111111-1111-1111-1111-111111111111', 1, 3, 2),
  ('33333333-3333-3333-3333-333333333333', '11111111-1111-1111-1111-111111111111', 2, 4, 2),
  ('33333333-3333-3333-3333-333333333333', '11111111-1111-1111-1111-111111111111', 7, 1, 0),
  ('33333333-3333-3333-3333-333333333333', '11111111-1111-1111-1111-111111111111', 19, 2, 2),
  ('33333333-3333-3333-3333-333333333333', '11111111-1111-1111-1111-111111111111', 8, 1, 2),
  ('33333333-3333-3333-3333-333333333333', '11111111-1111-1111-1111-111111111111', 13, 1, 2),
  ('33333333-3333-3333-3333-333333333333', '11111111-1111-1111-1111-111111111111', 14, 0, 2),
  ('33333333-3333-3333-3333-333333333333', '11111111-1111-1111-1111-111111111111', 20, 1, 0),
  ('33333333-3333-3333-3333-333333333333', '11111111-1111-1111-1111-111111111111', 25, 2, 0)
on conflict (league_id, user_id, match_id) do update set home_pred=excluded.home_pred, away_pred=excluded.away_pred;

insert into public.predictions (league_id, user_id, match_id, home_pred, away_pred) values
  ('33333333-3333-3333-3333-333333333333', '22222222-2222-2222-2222-222222222222', 1, 2, 0),
  ('33333333-3333-3333-3333-333333333333', '22222222-2222-2222-2222-222222222222', 2, 1, 0),
  ('33333333-3333-3333-3333-333333333333', '22222222-2222-2222-2222-222222222222', 7, 2, 0),
  ('33333333-3333-3333-3333-333333333333', '22222222-2222-2222-2222-222222222222', 19, 2, 0),
  ('33333333-3333-3333-3333-333333333333', '22222222-2222-2222-2222-222222222222', 8, 0, 3),
  ('33333333-3333-3333-3333-333333333333', '22222222-2222-2222-2222-222222222222', 14, 0, 1),
  ('33333333-3333-3333-3333-333333333333', '22222222-2222-2222-2222-222222222222', 20, 0, 2),
  ('33333333-3333-3333-3333-333333333333', '22222222-2222-2222-2222-222222222222', 25, 3, 0)
on conflict (league_id, user_id, match_id) do update set home_pred=excluded.home_pred, away_pred=excluded.away_pred;

-- Unmatched seeded predictions (skipped — see README):

